query_id,category,model,first_tool,tool_correct,tool_in_any_of,param_score,latency_ms,input_tokens,output_tokens,cache_read_tokens,cache_write_tokens,cost_usd,error,justification
q01,clear_single,claude-opus-4-7,whoop_list_recoveries,true,true,3,2164,448,115,4607,0,0.022256,,Correct tool. Date range is too wide and uses a fixed past date instead of last night; usable but not precise.
q02,clear_single,claude-opus-4-7,whoop_list_sleep,true,true,5,2217,447,114,4607,0,0.022166,,Correct tool with appropriate one-night date range covering last night.
q03,clear_single,claude-opus-4-7,whoop_list_workouts,true,true,5,2840,449,114,4607,0,0.022195,,Correct tool with a reasonable Mon-Sun week date range.
q04,clear_single,claude-opus-4-7,calendar_list_events,true,true,5,2406,447,122,4607,0,0.022766,,Correct tool with proper full-day range for today.
q05,clear_single,claude-opus-4-7,todoist_filter_tasks,true,true,5,1814,450,70,4607,0,0.018911,,Correct tool choice with proper 'today' filter query.
q06,clear_single,claude-opus-4-7,todoist_filter_tasks,true,true,5,2087,447,72,4607,0,0.019016,,Correct tool with exact 'overdue' filter query.
q07,clear_single,claude-opus-4-7,notion_search,true,true,5,1564,453,69,4607,0,0.018881,,Correct tool with appropriate query string.
q08,clear_single,claude-opus-4-7,gmail_search,true,true,5,1656,452,72,4607,0,0.019090,,Correct tool with appropriate Gmail query using from:stripe and invoice keyword.
q09,clear_single,claude-opus-4-7,slack_send_message,true,true,4,1777,453,94,4607,0,0.020755,,Correct tool; channel 'alice' as username is reasonable but ideally resolved via slack_list_users to a DM id. Message text matches.
q10,clear_single,claude-opus-4-7,todoist_filter_tasks,false,false,1,2113,454,89,4607,0,0.020396,,"Model searched for the task instead of closing it. While finding the task ID first is reasonable, the gold expects a direct close action."
q11,clear_single,claude-opus-4-7,todoist_create_task,true,true,5,1990,454,99,4607,0,0.021145,,Correct tool with proper content and natural-language due date.
q12,clear_single,claude-opus-4-7,calendar_create_event,true,true,4,2893,466,172,4607,0,0.026800,,"Correct tool and attendee/title/duration. Start/end use relative 'Friday 14:00' strings rather than ISO datetimes, a minor arg flaw."
q13,clear_single,claude-opus-4-7,calendar_suggest_time,true,true,5,2017,453,99,4607,0,0.021130,,Correct tool with 60-minute duration and 7-day horizon matching 'this week'.
q14,clear_single,claude-opus-4-7,slack_read_channel,true,true,5,1744,446,69,4607,0,0.018776,,Correct tool with appropriate channel arg.
q15,clear_single,claude-opus-4-7,slack_list_users,true,true,4,1436,458,68,4607,0,0.018881,,Correct tool chosen; query arg 'marco' is reasonable though slack_list_users typically lists all users without a query filter parameter.
q16,clear_single,claude-opus-4-7,calendar_list_events,true,true,3,2329,460,126,4607,0,0.023260,,Listing first is acceptable; time window roughly covers 3pm but starts at 14:30 which could miss a 3pm event if it started earlier. Reasonable but imprecise.
q17,clear_single,claude-opus-4-7,whoop_list_recoveries,true,true,4,2402,450,124,4607,0,0.022961,,Correct tool with a reasonable ~1 week date range for 'lately'; args are sensible though date freshness depends on current date.
q18,clear_single,claude-opus-4-7,whoop_list_cycles,true,true,4,2761,448,121,4607,0,0.022705,,Correct tool for day strain. Date range covers a week but may not match current week exactly; acceptable minor flaw.
q19,clear_single,claude-opus-4-7,notion_search,true,true,3,1697,446,80,4607,0,0.019600,,Correct tool. Query 'database' is a reasonable attempt but not ideal; a filter by object type=database would be more precise. Still usable.
q20,clear_single,claude-opus-4-7,NONE,false,false,0,5129,453,154,4607,0,0.025256,,Model asked for clarification instead of drafting. Could have created draft with placeholders; chose text reply when gmail_create_draft was expected.
q21,clear_single,claude-opus-4-7,NONE,false,false,0,4273,453,138,4607,0,0.024056,,"Model asked for clarification instead of sending. While reasonable to request subject/body, the gold expects gmail_send_email to be invoked."
q22,clear_single,claude-opus-4-7,todoist_filter_tasks,false,false,1,2065,452,91,4607,0,0.020515,,"Model used filter to find the task instead of directly calling reopen. While searching first is defensible, the user explicitly asked to reopen; first call should have been todoist_reopen_task."
q23,clear_single,claude-opus-4-7,gmail_list_labels,true,true,5,2239,448,64,4607,0,0.018430,,Correct tool with no args needed.
q24,clear_single,claude-opus-4-7,gmail_create_label,true,true,5,1782,455,69,4607,0,0.018911,,Correct tool and exact label name provided.
q25,clear_single,claude-opus-4-7,todoist_list_projects,true,true,5,1575,448,47,4607,0,0.017156,,Correct tool with no args needed.
q26,clear_single,claude-opus-4-7,whoop_get_body_measurement,true,true,5,1572,452,50,4607,0,0.017440,,Correct tool with no args required.
q27,clear_single,claude-opus-4-7,slack_upload_file,true,true,5,1948,459,100,4607,0,0.021296,,Correct tool with channel and file path properly specified.
q28,clear_single,claude-opus-4-7,notion_search,false,false,1,2354,461,86,4607,0,0.020276,,Model searched for the Journal parent page instead of creating the page directly. Reasonable precursor but not the requested action.
q29,clear_single,claude-opus-4-7,notion_search,true,true,5,4202,458,194,4607,0,0.028331,,"Searching for 'Roadmap' is a valid first step to locate the page before updating, with precise query argument."
q30,clear_single,claude-opus-4-7,todoist_filter_tasks,false,false,1,2418,463,92,4607,0,0.020755,,Model searched for the task instead of creating the comment. Wrong tool; a filter lookup is a plausible precursor but does not satisfy the direct comment request.
q31,multi_tool,claude-opus-4-7,calendar_list_events,true,true,4,2597,461,141,4607,0,0.024401,,"Correctly called calendar_list_events first for a single day range. Date assumed as 2025-01-28 for 'tomorrow'; plausible but unverifiable, otherwise well-formed."
q32,multi_tool,claude-opus-4-7,calendar_list_events,true,true,4,2454,460,141,4607,0,0.024386,,Correct tool to find next meeting. Date range is reasonable (next 7 days) though slightly wide; acceptable for identifying next meeting.
q33,multi_tool,claude-opus-4-7,whoop_list_recoveries,true,true,4,2940,452,120,4607,0,0.022691,,Correct tool to fetch recovery first; date range is plausible for 'last night' but uses static dates rather than relative current date.
q34,multi_tool,claude-opus-4-7,gmail_search,true,true,4,3025,464,123,4607,0,0.023096,,"Correct tool and sensible query 'from:Tom' with max_results. Could have added 'newer_than' or sort to ensure latest, but usable."
q35,ambiguous,claude-opus-4-7,whoop_list_workouts,true,true,3,4234,447,301,4607,0,0.036191,,Tool is in gold_any_of. Date range covers yesterday but uses arbitrary fixed dates rather than relative; acceptable but not clearly correct without knowing today's date.
q36,ambiguous,claude-opus-4-7,whoop_list_recoveries,false,false,1,5159,444,403,4607,0,0.043796,,"Model chose WHOOP recoveries for an ambiguous 'catch me up' prompt; gold expects gmail/slack/calendar. Wrong tool entirely, though args are parseable."
q37,ambiguous,claude-opus-4-7,gmail_search,true,true,5,1710,449,81,4607,0,0.019721,,"Correctly chose gmail_search with 'in:inbox' query, the standard Gmail operator for inbox contents."
q38,ambiguous,claude-opus-4-7,todoist_create_task,true,true,4,1912,447,70,4607,0,0.018866,,"Correct tool with appropriate content. No due date specified by user, so omitting it is acceptable, though a reminder could benefit from one."
q39,ambiguous,claude-opus-4-7,calendar_list_events,true,true,4,2630,447,141,4607,0,0.024191,,Correct tool to list upcoming events first. Date range is reasonable but slightly arbitrary; ideally start from now with shorter horizon to find the very next event.
q40,no_tool,claude-opus-4-7,NONE,true,true,5,1416,447,14,4607,0,0.014665,,Correctly answered in text without invoking any tool.
q41,no_tool,claude-opus-4-7,NONE,true,true,5,12050,447,660,4607,0,0.063116,,"Pure knowledge question; model correctly answered in text without calling a tool, matching gold NONE."
q42,no_tool,claude-opus-4-7,NONE,true,true,5,1933,451,38,4607,0,0.016525,,"Correctly answered with text reply, no tool needed for creative writing request."
q43,no_tool,claude-opus-4-7,NONE,true,true,5,2920,452,97,4607,0,0.020965,,"Correctly answered parametrically without invoking any tool, as expected."
q44,adversarial,claude-opus-4-7,NONE,true,true,5,4447,450,223,4607,0,0.030385,,"Correctly refused to hallucinate a tool for Apple Health, explained the limitation, and offered valid WHOOP alternatives."
q45,adversarial,claude-opus-4-7,NONE,true,true,5,3973,447,152,4607,0,0.025015,,"Correctly declined; no Twitter tool exists. Did not fall back to Slack, offered alternatives appropriately."
q46,adversarial,claude-opus-4-7,slack_read_channel,true,true,3,2491,458,91,4607,0,0.020605,,"Correct tool and channel, but no time-window parameters (oldest/latest) to filter for last Tuesday before lunch; will require client-side filtering."
q47,param_precision,claude-opus-4-7,todoist_filter_tasks,true,true,5,2889,455,116,4607,0,0.022436,,Correct tool with precise filter query combining project and label.
q48,param_precision,claude-opus-4-7,whoop_list_sleep,true,true,4,2757,454,124,4607,0,0.023020,,"Correct tool with 14-day range, but dates are hardcoded rather than relative to today; may not reflect actual current date."
q49,param_precision,claude-opus-4-7,slack_read_channel,true,true,5,2771,453,93,4607,0,0.020680,,Correct tool with channel #oncall and limit=200 as specified.
q50,param_precision,claude-opus-4-7,gmail_search,true,true,5,1981,461,85,4607,0,0.020200,,"Correct tool with proper Gmail operators: from:, subject:, and newer_than:1m which accurately captures last month."
q01,clear_single,claude-sonnet-4-6,whoop_list_recoveries,true,true,4,2814,331,95,3492,0,0.003466,,"Correct tool with a 1-day range; dates are hardcoded rather than relative to today, but usable for 'last night'."
q02,clear_single,claude-sonnet-4-6,whoop_list_sleep,true,true,4,2086,330,95,3492,0,0.003463,,"Correct tool with a one-night date range, though the specific dates are hardcoded and may not reflect actual 'last night' relative to current date."
q03,clear_single,claude-sonnet-4-6,whoop_list_workouts,true,true,4,1902,332,85,3492,0,0.003319,,Correct tool with weekly date range; exact dates depend on current date but structure is valid.
q04,clear_single,claude-sonnet-4-6,calendar_list_events,true,true,5,2254,330,103,3492,0,0.003583,,Correct tool with proper start/end covering full day.
q05,clear_single,claude-sonnet-4-6,todoist_filter_tasks,true,true,5,1342,332,57,3492,0,0.002899,,Correct tool with the canonical 'today' filter query.
q06,clear_single,claude-sonnet-4-6,todoist_filter_tasks,true,true,5,1554,328,58,3492,0,0.002902,,Correct tool with exact filter query 'overdue'.
q07,clear_single,claude-sonnet-4-6,notion_search,true,true,5,1798,334,57,3492,0,0.002905,,Correct tool with precise query matching user's request.
q08,clear_single,claude-sonnet-4-6,gmail_search,true,true,4,1621,332,56,3492,0,0.002884,,Correct tool. Query 'Stripe invoice' is reasonable but could be more precise with 'from:stripe' or 'subject:invoice' operators.
q09,clear_single,claude-sonnet-4-6,slack_list_users,false,false,1,1778,335,70,3492,0,0.003103,,Model chose slack_list_users to resolve alice rather than directly sending the DM. Reasonable precursor but not the gold tool; args parseable.
q10,clear_single,claude-sonnet-4-6,todoist_filter_tasks,false,false,1,2222,335,83,3492,0,0.003298,,"Model searched for the task instead of closing it. This could be a reasonable first step to find the task ID, but the user's direct request was to close it."
q11,clear_single,claude-sonnet-4-6,todoist_create_task,true,true,5,1799,332,78,3492,0,0.003214,,Correct tool with proper content and natural language due_string 'tomorrow'.
q12,clear_single,claude-sonnet-4-6,calendar_create_event,true,true,5,3222,344,183,3492,0,0.004825,,Correct tool; 30-min event Friday 2pm with bob@acme.com. Assumed specific Friday date but args are well-formed and match intent.
q13,clear_single,claude-sonnet-4-6,calendar_suggest_time,true,true,5,1595,335,77,3492,0,0.003208,,Correct tool with 60-min duration and 7-day horizon matching 'this week'.
q14,clear_single,claude-sonnet-4-6,slack_read_channel,true,true,5,1771,329,57,3492,0,0.002890,,Correct tool with appropriate channel argument.
q15,clear_single,claude-sonnet-4-6,slack_list_users,true,true,4,1301,338,56,3492,0,0.002902,,"Correct tool selected. Used a 'query' arg to filter by name 'marco', which is reasonable though the tool spec doesn't explicitly document a query parameter; minor arg uncertainty."
q16,clear_single,claude-sonnet-4-6,calendar_list_events,true,true,4,2271,333,112,3492,0,0.003727,,Listed events for tomorrow to find Sarah's 3pm meeting; reasonable first step. Date range covers full day but lacks query/filter for Sarah; acceptable approach pending event id lookup.
q17,clear_single,claude-sonnet-4-6,whoop_list_recoveries,true,true,5,2396,332,106,3492,0,0.003634,,"Correct tool for RHR trend, reasonable ~3-week date range matching 'lately'."
q18,clear_single,claude-sonnet-4-6,whoop_list_cycles,true,true,5,1921,332,84,3492,0,0.003304,,Correct tool for day strain; date range covers a week.
q19,clear_single,claude-sonnet-4-6,notion_search,true,true,3,1722,329,54,3492,0,0.002845,,Correct tool selected. Query 'database' is a reasonable attempt but notion_search by keyword may not specifically filter to databases only; no explicit type filter used.
q20,clear_single,claude-sonnet-4-6,NONE,false,false,0,3021,333,119,3492,0,0.003832,,Model asked clarifying questions instead of creating a draft. Could have created a reasonable draft with placeholders; instead no tool was called when gmail_create_draft was expected.
q21,clear_single,claude-sonnet-4-6,NONE,false,false,0,3348,334,80,3492,0,0.003250,,"User explicitly said 'email now', requiring gmail_send_email. Model asked for clarification instead of calling the tool (could have sent with placeholder or fetched spec)."
q22,clear_single,claude-sonnet-4-6,todoist_filter_tasks,false,false,1,2173,335,86,3492,0,0.003343,,"Model used filter_tasks to find the task instead of directly reopening it. Arguably a lookup step, but the user's request was to reopen, so the correct first tool was todoist_reopen_task."
q23,clear_single,claude-sonnet-4-6,gmail_list_labels,true,true,5,1719,329,39,3492,0,0.002620,,Correct tool with no args needed.
q24,clear_single,claude-sonnet-4-6,gmail_create_label,true,true,5,1673,334,57,3492,0,0.002905,,Correct tool and exact label name parameter.
q25,clear_single,claude-sonnet-4-6,todoist_list_projects,true,true,5,1643,330,40,3492,0,0.002638,,Correct tool with no args needed.
q26,clear_single,claude-sonnet-4-6,whoop_get_body_measurement,true,true,5,2931,334,42,3492,0,0.002680,,Correct tool selected; no args required for this endpoint.
q27,clear_single,claude-sonnet-4-6,slack_upload_file,true,true,5,1652,336,79,3492,0,0.003241,,Correct tool with proper channel and file path arguments.
q28,clear_single,claude-sonnet-4-6,notion_search,false,false,1,1870,339,70,3492,0,0.003115,,Model searched for Journal instead of creating the page; reasonable precursor but not the requested action.
q29,clear_single,claude-sonnet-4-6,notion_search,true,true,5,3639,339,130,3492,0,0.004015,,Search first to locate the Roadmap page is acceptable per gold_any_of; query term is exactly right.
q30,clear_single,claude-sonnet-4-6,todoist_filter_tasks,false,false,1,1951,340,77,3492,0,0.003223,,"Model searched for the task instead of creating the comment. Arguably a reasonable first step to find task id, but gold expects direct comment creation."
q31,multi_tool,claude-sonnet-4-6,calendar_list_events,true,true,4,2954,336,99,3492,0,0.003541,,Correct tool chosen first. Args target tomorrow's range but use date-only strings instead of datetime range; coverage is reasonable though inclusive end may need adjustment.
q32,multi_tool,claude-sonnet-4-6,calendar_list_events,true,true,4,2697,338,139,3492,0,0.004147,,Correct tool to find next meeting. Date range is reasonable week-long window but could be tighter since only the next meeting is needed.
q33,multi_tool,claude-sonnet-4-6,whoop_list_recoveries,true,true,4,3128,334,126,3492,0,0.003940,,"Correct tool; date range covers last night with plausible dates, minor uncertainty about exact current date reference."
q34,multi_tool,claude-sonnet-4-6,gmail_search,true,true,5,2438,340,104,3492,0,0.003628,,Correctly chose gmail_search with from:Tom filter and limited to the latest (max_results=1) to find Tom's most recent thread first.
q35,ambiguous,claude-sonnet-4-6,whoop_list_workouts,true,true,3,5005,329,356,3492,0,0.007375,,"Tool is in gold_any_of. Date range covers only yesterday as a single day, though without current date context the specific date cannot be verified as accurate."
q36,ambiguous,claude-sonnet-4-6,calendar_list_events,true,true,3,4497,328,295,3492,0,0.006457,,"calendar_list_events is in gold_any_of. Args provide a usable date range but use static dates instead of relative now/today, and lack proper datetime format."
q37,ambiguous,claude-sonnet-4-6,gmail_search,true,true,5,1715,331,75,3492,0,0.003166,,Correctly picked gmail_search with proper 'in:inbox' query and reasonable max_results limit.
q38,ambiguous,claude-sonnet-4-6,todoist_create_task,true,true,4,1855,330,58,3492,0,0.002908,,"Correct tool and clear content 'Call mom'. No due date set, which is reasonable given the prompt but a reminder ideally has some due/time, hence minor flaw."
q39,ambiguous,claude-sonnet-4-6,calendar_list_events,true,true,4,2118,328,108,3492,0,0.003652,,Correctly lists calendar events first to identify 'next thing'. Date range is reasonable but could be narrower/starting from now; minor flaw in not using current time as start.
q40,no_tool,claude-sonnet-4-6,NONE,true,true,5,2475,332,39,3492,0,0.002629,,"Correctly answered in text without invoking a tool, matching gold NONE."
q41,no_tool,claude-sonnet-4-6,NONE,true,true,5,10268,331,473,3492,0,0.009136,,"Pure knowledge question; model correctly answered in text without calling any tool, matching gold NONE."
q42,no_tool,claude-sonnet-4-6,NONE,true,true,5,2141,333,50,3492,0,0.002797,,"Correctly answered in text with no tool call, as expected for a creative writing request."
q43,no_tool,claude-sonnet-4-6,NONE,true,true,5,2104,332,65,3492,0,0.003019,,Correctly answered parametric question with no tool call.
q44,adversarial,claude-sonnet-4-6,NONE,true,true,5,4484,330,150,3492,0,0.004288,,"Correctly refused and explained Apple Health isn't available, without hallucinating a WHOOP call."
q45,adversarial,claude-sonnet-4-6,NONE,true,true,5,3751,328,138,3492,0,0.004102,,"Correctly declined to call any tool, explained Twitter unavailable, and did not fall back to Slack."
q46,adversarial,claude-sonnet-4-6,slack_read_channel,true,true,3,2084,336,95,3492,0,0.003481,,"Correct tool and channel, but no time-window filter for last Tuesday before lunch; relies on limit=100 to cover the range."
q47,param_precision,claude-sonnet-4-6,todoist_list_projects,false,false,1,2786,332,103,3492,0,0.003589,,Model called todoist_list_projects instead of filtering tasks; wrong tool and no useful args for the request.
q48,param_precision,claude-sonnet-4-6,whoop_list_sleep,true,true,4,2951,335,84,3492,0,0.003313,,"Correct tool and a 14-day range, but dates are hardcoded to May-June 2025 rather than dynamically computed from today; acceptable if that's today's date, otherwise slightly off."
q49,param_precision,claude-sonnet-4-6,slack_read_channel,true,true,5,1774,335,75,3492,0,0.003178,,Correct tool with channel #oncall and limit=200 as specified.
q50,param_precision,claude-sonnet-4-6,gmail_search,true,true,5,1766,339,88,3492,0,0.003385,,"Correct gmail_search with proper operators: from:stripe.com, subject:Invoice, and after: date roughly one month back."
q01,clear_single,claude-haiku-4-5-20251001,whoop_list_recoveries,true,true,4,1743,3822,95,0,0,0.004297,,Correct tool with reasonable 2-day range covering last night; exact dates depend on current date but approach is valid.
q02,clear_single,claude-haiku-4-5-20251001,whoop_list_sleep,true,true,4,1449,3821,94,0,0,0.004291,,"Correct tool with a one-night date range, though the specific dates are hardcoded rather than relative to today; acceptable but slightly stale."
q03,clear_single,claude-haiku-4-5-20251001,whoop_list_workouts,true,true,4,1155,3823,97,0,0,0.004308,,"Correct tool with a reasonable week range, though the specific dates depend on current date assumptions."
q04,clear_single,claude-haiku-4-5-20251001,calendar_list_events,true,true,5,1222,3821,103,0,0,0.004336,,Correct tool with full-day start/end range for today.
q05,clear_single,claude-haiku-4-5-20251001,todoist_filter_tasks,true,true,5,908,3823,68,0,0,0.004163,,Correct tool with exact 'today' filter query.
q06,clear_single,claude-haiku-4-5-20251001,todoist_filter_tasks,true,true,5,1316,3819,58,0,0,0.004109,,Correct tool with exact 'overdue' filter query.
q07,clear_single,claude-haiku-4-5-20251001,notion_search,true,true,5,1108,3825,57,0,0,0.004110,,Correct tool with appropriate query string 'Q2 plan'.
q08,clear_single,claude-haiku-4-5-20251001,gmail_search,true,true,5,1567,3823,56,0,0,0.004103,,Correct tool and appropriate query string 'Stripe invoice' matches user intent.
q09,clear_single,claude-haiku-4-5-20251001,slack_send_message,true,true,4,1243,3826,77,0,0,0.004211,,Correct tool and message. Using @alice as channel is reasonable but typically a user ID or DM channel ID is preferred; may require slack_list_users lookup first.
q10,clear_single,claude-haiku-4-5-20251001,todoist_filter_tasks,false,false,3,1781,3826,84,0,0,0.004246,,Model chose to search for the task first rather than directly closing it. Reasonable as a lookup step but not the gold action; args are sensible for a search.
q11,clear_single,claude-haiku-4-5-20251001,todoist_create_task,true,true,5,1189,3823,78,0,0,0.004213,,Correct tool with proper content and natural-language due date 'tomorrow'.
q12,clear_single,claude-haiku-4-5-20251001,NONE,false,false,0,1437,3835,69,0,0,0.004180,,Model asked for clarification instead of creating the event. 'Friday at 2pm' is sufficient to resolve to the upcoming Friday; tool call was expected but not made.
q13,clear_single,claude-haiku-4-5-20251001,calendar_suggest_time,true,true,5,1108,3826,97,0,0,0.004311,,Correct tool with 60-minute duration and 7-day horizon matching 'free hour this week'.
q14,clear_single,claude-haiku-4-5-20251001,slack_read_channel,true,true,5,875,3820,57,0,0,0.004105,,Correct tool with proper channel argument '#product'.
q15,clear_single,claude-haiku-4-5-20251001,slack_list_users,true,true,4,934,3829,56,0,0,0.004109,,Correct tool selected. Passed a 'query' arg to filter by name which is reasonable though the tool spec doesn't explicitly document a query param; minor arg assumption.
q16,clear_single,claude-haiku-4-5-20251001,calendar_list_events,true,true,4,1464,3824,117,0,0,0.004409,,Listing events first is acceptable. Date range covers tomorrow but extends an extra day; no query filter for Sarah. Usable but slightly broad.
q17,clear_single,claude-haiku-4-5-20251001,whoop_get_body_measurement,false,false,1,1861,3823,124,0,0,0.004443,,"Model chose body measurement which returns max HR, not recent RHR. Wrong tool; gold expects recoveries or cycles for trending RHR."
q18,clear_single,claude-haiku-4-5-20251001,whoop_list_cycles,true,true,4,1683,3823,95,0,0,0.004298,,Correct tool selected. Date range covers a week but uses a hardcoded 2024 date which may not match 'this week'; otherwise properly parameterized.
q19,clear_single,claude-haiku-4-5-20251001,NONE,false,false,0,1665,3820,117,0,0,0.004405,,Model failed to call notion_search despite it being available and appropriate for listing/finding databases. Instead asked clarifying questions when it should have searched.
q20,clear_single,claude-haiku-4-5-20251001,NONE,false,false,0,2101,3824,156,0,0,0.004604,,Model asked clarifying questions instead of creating a draft. Should have called gmail_create_draft with reasonable placeholders; drafts are inherently editable.
q21,clear_single,claude-haiku-4-5-20251001,NONE,false,false,0,1459,3825,104,0,0,0.004345,,Model asked for clarification instead of sending. Gold expected gmail_send_email call; no tool invoked.
q22,clear_single,claude-haiku-4-5-20251001,todoist_filter_tasks,false,false,1,1184,3826,96,0,0,0.004306,,"Model chose filter instead of reopen. While searching first could be a precursor, the direct action should be todoist_reopen_task."
q23,clear_single,claude-haiku-4-5-20251001,gmail_list_labels,true,true,5,817,3820,39,0,0,0.004015,,Correct tool with no args needed.
q24,clear_single,claude-haiku-4-5-20251001,gmail_create_label,true,true,5,875,3825,57,0,0,0.004110,,Correct tool and exact label name parameter.
q25,clear_single,claude-haiku-4-5-20251001,todoist_list_projects,true,true,5,863,3821,40,0,0,0.004021,,Correct tool with no args needed.
q26,clear_single,claude-haiku-4-5-20251001,whoop_get_body_measurement,true,true,5,956,3825,42,0,0,0.004035,,Correct tool with no args needed.
q27,clear_single,claude-haiku-4-5-20251001,slack_upload_file,true,true,5,1592,3827,79,0,0,0.004222,,Correct tool with correct channel and file path.
q28,clear_single,claude-haiku-4-5-20251001,notion_search,false,false,1,1425,3830,84,0,0,0.004250,,Model searched for Journal instead of directly creating the page; reasonable precursor but not the requested action.
q29,clear_single,claude-haiku-4-5-20251001,notion_search,true,true,5,1192,3830,92,0,0,0.004290,,"Searching Notion for 'Roadmap' is a valid first step to locate the page before updating, matching gold_any_of with precise query."
q30,clear_single,claude-haiku-4-5-20251001,todoist_filter_tasks,false,false,1,1296,3831,87,0,0,0.004266,,Model searched for the task instead of creating a comment. Reasonable first step but doesn't match gold tool; args parseable.
q31,multi_tool,claude-haiku-4-5-20251001,calendar_list_events,true,true,3,1313,3827,91,0,0,0.004282,,"Correct first tool (calendar_list_events) but args use vague 'tomorrow' strings rather than ISO datetime range, usable but imprecise."
q32,multi_tool,claude-haiku-4-5-20251001,calendar_list_events,true,true,3,1343,3829,129,0,0,0.004474,,"Correct tool chosen to find next meeting. Date range is overly broad and uses a fixed 2024 window rather than 'now' forward with a short horizon, but usable."
q33,multi_tool,claude-haiku-4-5-20251001,whoop_list_recoveries,true,true,4,1682,3825,101,0,0,0.004330,,Correct tool selected to fetch recovery before posting to Slack. Date range covers last night with a 2-day window; reasonable though could be tighter.
q34,multi_tool,claude-haiku-4-5-20251001,gmail_search,true,true,5,1265,3831,102,0,0,0.004341,,Correctly searched Gmail for latest email from Tom with from:Tom and max_results=1.
q35,ambiguous,claude-haiku-4-5-20251001,NONE,false,false,0,1935,3820,131,0,0,0.004475,,Model asked for today's date instead of calling a tool. Should have executed calendar_list_events (or similar) with a reasonable yesterday range; no tool invoked when one was expected.
q36,ambiguous,claude-haiku-4-5-20251001,calendar_list_events,true,true,2,1883,3819,159,0,0,0.004614,,"Chose a defensible tool from gold_any_of, but the date range spans an entire year rather than a sensible recent window for 'catch me up'."
q37,ambiguous,claude-haiku-4-5-20251001,gmail_search,true,true,5,1572,3822,88,0,0,0.004262,,"Correctly chose gmail_search with 'in:inbox' query, a natural interpretation of 'show me what's in my inbox'."
q38,ambiguous,claude-haiku-4-5-20251001,todoist_create_task,true,true,4,1382,3821,74,0,0,0.004191,,"Correct tool and content, but no due date/reminder time specified for a reminder-style task."
q39,ambiguous,claude-haiku-4-5-20251001,calendar_list_events,true,true,4,1248,3819,117,0,0,0.004404,,Correctly listed events first to identify 'next thing'. Date range is reasonable but could be narrower/start from now; acceptable approximation.
q40,no_tool,claude-haiku-4-5-20251001,NONE,true,true,5,946,3823,41,0,0,0.004028,,"Correctly answered in text without invoking any tool, as expected for a simple arithmetic question."
q41,no_tool,claude-haiku-4-5-20251001,NONE,true,true,5,4028,3822,352,0,0,0.005582,,"Correctly answered knowledge question with text reply, no tool call needed."
q42,no_tool,claude-haiku-4-5-20251001,NONE,true,true,5,1319,3824,41,0,0,0.004029,,"Correctly answered with text reply and no tool call, as gold specified NONE."
q43,no_tool,claude-haiku-4-5-20251001,NONE,true,true,5,1851,3823,116,0,0,0.004403,,Correctly answered parametric question without calling a tool.
q44,adversarial,claude-haiku-4-5-20251001,NONE,true,true,5,2076,3821,146,0,0,0.004551,,Correctly refused and explained Apple Health isn't available without hallucinating a WHOOP call.
q45,adversarial,claude-haiku-4-5-20251001,NONE,true,true,5,2067,3819,156,0,0,0.004599,,"Correctly declined, explained Twitter unavailable, did not fall back to Slack."
q46,adversarial,claude-haiku-4-5-20251001,NONE,false,false,0,1456,3827,106,0,0,0.004357,,"Model asked for clarification instead of calling slack_read_channel or slack_search, which it should have done with a reasonable time window."
q47,param_precision,claude-haiku-4-5-20251001,todoist_filter_tasks,true,true,5,1109,3823,60,0,0,0.004123,,Correct tool with valid Todoist filter syntax combining project and label.
q48,param_precision,claude-haiku-4-5-20251001,whoop_list_sleep,true,true,4,1638,3826,84,0,0,0.004246,,"Correct tool and 14-day range span, but dates are hardcoded to Dec 2024 rather than computed from today, which may be stale."
q49,param_precision,claude-haiku-4-5-20251001,slack_read_channel,true,true,5,1424,3826,75,0,0,0.004201,,Correct tool with channel and limit=200 as required.
q50,param_precision,claude-haiku-4-5-20251001,gmail_search,true,true,4,1524,3830,108,0,0,0.004370,,"Correct tool with proper Gmail operators (from:, subject:, after:). Date is hardcoded rather than dynamically computed from 'last month', but query structure is valid."
